{"cameraMode":{"drawMode":0,"name":"Shaded","section":"Shading Mode"},"sceneLighting":true,"audioPlay":false,"sceneViewState":{"m_AlwaysRefresh":false,"showFog":true,"showSkybox":true,"showFlares":true,"showImageEffects":true,"showParticleSystems":true,"showVisualEffectGraphs":true,"m_FxEnabled":true},"in2DMode":false,"pivot":{"x":-0.7698817253112793,"y":5.021855354309082,"z":-2.417752504348755},"rotation":{"x":-0.16158071160316468,"y":0.018668195232748987,"z":-0.003029412357136607,"w":-0.9867365956306458},"size":6.791689872741699,"orthographic":false}